174430,1
161936,2
161936,3
182028,4
167791,5
12333,6
12333,7
187645,8
169786,9
120677,10
120677,11
193738,12
180263,13
180263,14
220308,10
220308,11
84876,15
173346,16
173346,17
115746,18
115746,19
115746,20
102794,21
3076,22
31260,21
96848,4
183394,23
183394,9
183394,24
205637,25
205637,26
205059,27
124361,28
170216,29
209010,30
209010,31
209010,32
209010,33
209010,34
164153,35
164153,8
164153,36
164928,37
25613,4
175914,38
175914,39
2651,40
177736,21
233078,41
233078,8
233078,42
72125,43
221107,2
221107,3
55690,44
28720,45
121921,46
35677,21
126163,47
126163,48
124742,49
124742,50
171623,47
171623,48
230802,51
68448,16
122515,52
122515,53
178900,4
162886,54
18602,55
146021,8
146021,27
146508,56
146508,57
28143,58
12493,42
110327,59
110327,60
157354,17
62219,61
205896,29
159675,21
93,62
93,63
163412,21
216132,64
40834,65
132531,66
132531,58
201808,67
37111,8
103885,68
150376,69
150376,70
172386,12
2511,71
2511,72
2511,73
73439,74
73439,75
73439,76
125153,77
42,78
144733,79
144733,80
102680,15
36218,65
30549,3
194655,81
521,82
185343,83
185343,84
185343,85
127023,86
127023,87
104162,88
104162,8
104162,89
104162,90
34635,91
161970,92
155426,93
175155,94
175155,95
175155,8
9609,18
9609,19
9609,20
103343,42
155068,96
155068,97
155068,29
155068,98
128882,99
147020,100
147020,101
146652,102
146652,103
70149,21
198928,104
198928,3
148949,105
14996,106
43111,29
123260,93
197376,9
17133,107
17133,45
14105,108
126042,109
126042,110
126042,111
126042,112
171131,113
171131,114
39463,115
39463,116
39463,117
39463,118
39463,90
91,119
196340,120
182874,121
182874,47
21050,61
77423,25
54043,122
9216,105
172287,123
43015,124
176189,125
176189,126
176189,127
31627,106
104006,128
104006,129
27833,45
148228,130
224037,4
224037,131
146886,132
146886,133
155821,134
4098,45
10630,108
555,62
555,63
555,135
128621,9
128621,24
215,136
188,82
161533,77
129437,137
9209,106
170042,138
31481,4
20551,139
154203,46
54998,17
54998,140
7854,141
200680,21
146439,108
146439,142
12,78
140620,143
97207,4
822,144
22545,107
234,145
101721,146
101721,147
24181,28
25021,148
93260,149
192291,150
195421,151
59294,8
193037,69
193037,70
38453,4
19857,152
19857,153
118048,154
155873,40
199561,155
199561,156
176494,157
176494,12
463,49
172818,151
181304,158
181304,159
127060,15
27708,160
27708,7
203993,161
203993,121
203993,47
108745,162
82222,163
48726,164
66589,28
92828,165
54138,28
421,166
182631,100
182631,101
156129,167
17392,168
191189,169
181279,170
181279,171
181279,90
3,78
188920,172
188920,173
163068,83
163068,84
77130,90
41114,99
160477,174
119890,21
760,78
198994,100
198994,101
163745,95
163745,42
204583,17
45315,4
59959,175
59959,176
40692,177
1,178
175640,77
188834,179
188834,180
188834,181
203420,128
203420,129
37046,16
176920,17
176920,182
36932,183
19777,38
19777,39
39856,165
15985,184
136888,15
144344,185
144344,186
144344,187
172081,188
25292,189
25292,190
123123,191
123123,192
198773,4
33160,193
33160,194
233371,67
2655,195
176734,196
176734,197
143693,21
21241,172
209685,198
5,199
243,200
13122,38
13122,39
40765,190
124708,201
129622,202
70919,16
54,51
54,62
63628,203
25554,15
121,115
121,116
121,118
31594,15
139976,204
139976,205
109276,77
118,78
46213,82
54625,206
70323,49
71,166
8217,22
2653,207
163967,208
24480,209
24480,210
9217,91
105134,2
105134,211
182134,212
182134,213
182134,214
206718,215
21348,106
15987,216
15987,90
90137,68
39683,21
183562,217
183562,95
183562,8
183562,68
183562,218
183562,89
55670,15
79828,45
157969,219
157969,220
154809,221
154809,222
176396,223
144592,224
66188,225
66188,226
66188,227
96913,185
128996,228
128996,229
712,184
25417,108
40354,230
192458,46
100901,231
66362,185
83330,8
18833,78
18833,29
18833,42
172,232
5404,78
189932,59
189932,60
189932,233
150658,3
65781,45
136063,3
147949,93
147949,234
137408,15
27162,235
27162,236
17226,90
11170,237
11170,2
11170,238
875,38
875,39
102652,239
102652,240
102652,241
138161,242
138161,243
138161,244
151347,191
151347,192
73171,245
98778,16
146791,246
166669,22
128671,242
128671,243
128671,244
63888,153
161614,247
161614,248
13,249
58421,250
58421,161
58421,121
58421,251
58421,252
105551,245
199042,253
199042,254
199042,255
205359,8
205359,50
169426,256
97786,177
133038,257
133038,258
133038,259
133038,260
133038,261
127398,262
171668,263
171668,264
34219,265
50,78
36553,266
36553,267
62227,268
95527,221
95527,222
42052,77
62222,108
158899,269
125618,215
221194,69
221194,270
90419,106
199478,271
192153,3
192153,272
162082,74
3685,273
3685,274
43570,40
158600,275
141572,188
475,78
119506,276
27173,51
169255,25
169255,29
6472,42
6472,90
177639,17
177639,182
34119,277
34119,278
34119,279
34119,280
234669,88
234669,281
234669,282
234669,283
234669,27
150,284
163968,285
163968,286
133848,9
133848,24
478,182
15062,17
15062,287
128271,75
116998,288
116998,289
116998,290
218603,291
155987,17
155987,292
39351,45
192135,293
192135,294
160010,295
160010,16
160010,296
160010,17
160010,183
160010,140
160010,297
113924,125
113924,126
113924,127
97842,298
192836,299
155703,212
155703,213
155703,214
209778,300
9674,78
140603,301
9625,45
194594,162
18,49
39938,75
15363,302
15363,303
206941,79
22827,8
22827,42
204305,72
204305,73
204305,304
133473,150
111341,38
111341,39
31999,141
119432,305
21790,22
21790,306
1513,307
1513,200
1513,308
3307,139
42776,8
2346,141
27746,62
27746,309
191862,150
20437,310
20437,257
186751,311
140934,312
159508,15
181521,35
181521,218
181521,89
220877,128
220877,129
134726,260
50750,313
50750,314
219513,150
31730,315
192457,316
192457,172
192457,317
47,318
121288,165
151022,319
372,78
58281,149
65532,216
11,21
143519,320
121408,120
163166,93
163166,234
128780,321
128780,322
128780,323
131357,324
183251,105
135219,18
135219,19
135219,20
217372,78
30869,325
195539,29
153938,326
150997,246
586,327
194607,328
167400,70
155624,198
1353,267
18098,329
42215,330
12942,331
4390,144
6249,139
24800,332
166384,333
36235,334
36235,335
174785,287
70512,15
160495,336
160495,337
91312,45
28023,338
28023,17
28023,122
20963,171
20963,90
156009,12
172308,157
172308,12
126792,339
79127,289
79127,340
79127,341
180974,342
180974,343
180974,344
130960,345
88,51
88,62
9823,346
137988,125
137988,126
137988,127
113997,158
113997,159
24508,347
15364,348
21763,17
21763,140
171,82
181530,50
30380,209
30380,210
26997,7
26997,349
3201,78
162007,350
144189,351
144189,268
113294,352
10547,2
10547,353
10547,354
10547,257
10547,355
68425,356
160499,49
37904,357
37904,358
110277,359
180511,360
148575,289
148575,29
2163,206
38996,351
31563,8
31563,42
31563,361
503,78
92415,362
123540,16
55600,298
84419,363
168584,202
46,78
41002,215
28181,364
28181,61
28181,365
22345,122
82421,149
13004,144
146278,4
103886,29
228341,298
107529,65
144797,366
158889,149
156689,137
117915,367
117915,368
47185,29
43528,209
43528,210
73761,369
82420,149
139898,370
156336,371
41066,168
35570,45
143741,372
143741,373
65901,45
100423,216
100423,90
132028,332
156546,374
156546,375
227789,51
227789,376
165722,377
91872,59
151004,260
143515,51
143515,62
30957,178
12891,230
131287,378
131287,221
131287,222
170416,379
170416,380
117959,105
232043,17
168435,381
168435,23
168435,370
94,106
29603,382
156943,91
156943,178
1035,383
5782,384
528,141
163602,29
137269,55
193042,313
193042,314
111799,385
111799,268
179803,96
179803,97
179803,29
179803,98
162286,386
162286,387
173442,107
12962,53
27976,237
27976,2
27976,388
27976,238
171499,150
158275,289
158275,29
12002,105
2181,389
26566,390
69789,391
69789,392
177590,271
177590,393
7717,78
7717,144
193558,15
21882,78
483,394
132018,351
1345,105
20100,212
155362,140
170771,395
170771,396
212445,184
148319,397
9440,51
9440,62
12902,144
179275,398
69779,399
2955,51
2955,62
234487,37
1041,106
1041,400
491,384
200147,17
200147,292
145659,401
203416,128
203416,129
98351,402
119788,235
119788,403
2453,404
71721,8
169124,405
169124,406
8125,407
8125,408
201921,208
66356,59
66356,409
108784,100
108784,391
108784,392
108784,410
165401,230
165401,411
106217,412
156566,162
53953,289
13642,105
52461,413
171273,414
129948,51
129948,62
40628,415
40628,416
17405,58
29368,246
108906,417
108906,418
161417,153
161417,398
240,419
218417,169
85897,289
85897,420
232832,198
72225,77
699,237
213893,17
213893,421
202408,422
169654,423
169654,424
72321,425
939,2
939,426
939,238
89409,191
89409,192
95064,100
95064,391
95064,392
95064,410
2398,427
194879,428
174570,102
174570,103
45986,46
203417,128
203417,129
170561,429
168917,260
191977,15
45,82
45,108
554,430
229220,431
229220,352
196326,202
147151,405
147151,432
153016,82
160851,433
19600,28
8051,347
37380,3
160018,260
171669,143
432,62
51,434
1822,268
904,78
173,357
173,358
30645,435
172047,29
26990,436
26990,437
122298,438
65244,3
1301,49
22825,439
22825,8
22825,42
131646,440
131646,142
175117,400
161866,125
161866,126
161866,127
67492,142
66505,15
224597,441
8045,45
98229,4
16747,442
16747,443
16747,444
104710,196
104710,90
154458,313
154458,314
156776,445
156776,25
156776,29
60,177
104363,115
104363,439
104363,116
104363,8
104363,118
104363,42
184921,49
141517,45
224,446
224,447
224,448
205398,182
91514,449
91514,450
72287,17
72287,140
38054,451
38054,452
27588,384
55427,17
55427,140
154825,453
203427,40
221965,454
198953,321
198953,322
38823,332
38823,383
38823,455
165838,456
59946,457
59946,59
59946,458
59946,409
183840,12
180680,459
187617,460
15512,182
15512,106
135382,289
135382,457
135382,461
135382,462
135382,463
135382,464
135382,465
15817,436
215311,2
215311,466
215311,62
177678,235
177678,403
220520,21
193949,242
193949,243
193949,244
2093,82
150999,467
551,108
41,199
122522,260
94246,228
94246,229
97903,16
97903,140
197070,125
197070,126
197070,127
158435,215
50768,468
50768,469
18100,384
157403,52
204027,21
25568,122
173064,470
137649,471
66056,249
17396,417
171233,472
191051,473
104020,474
136991,475
136991,476
178336,477
5737,249
181687,478
181687,479
1634,480
1634,481
179172,482
185589,151
25669,483
68264,484
152162,319
151007,258
151007,259
151007,260
151007,257
151007,261
35497,40
142326,151
200077,485
207691,336
207691,337
130176,486
71671,487
71671,488
164265,489
183880,490
183880,491
183880,238
23094,492
27364,55
127518,268
127518,493
1465,494
191231,45
131260,495
8203,496
8203,497
121410,498
121410,344
121410,499
38159,93
1382,78
42910,500
124,501
124,502
34084,157
57390,503
57390,504
57390,505
1608,382
1608,506
91536,289
91536,29
37628,507
327,508
327,509
56692,510
4099,53
221,511
44163,40
197443,188
21523,512
21523,45
154086,477
236191,45
30381,28
30618,82
125678,513
125678,514
180593,515
159473,516
121297,517
121297,518
6830,519
6830,520
157001,521
157001,120
195137,503
195137,504
195137,505
153065,51
153065,62
2507,45
823,78
123955,522
230,440
833,351
132372,523
157526,524
8989,384
91873,15
19100,62
156091,242
156091,243
156091,244
207830,525
39953,25
39953,29
39953,42
40793,17
40793,140
157809,109
140933,526
53093,527
24068,528
855,51
855,62
164338,529
60435,530
18258,17
18258,182
37836,531
37836,532
17329,533
527,141
154246,15
95103,246
147303,144
25643,105
174660,534
201825,535
207336,536
1261,232
35815,246
25821,537
25821,362
143884,538
278,249
35052,539
35052,192
111124,540
11825,351
184151,445
184151,541
184151,25
13823,542
75449,124
15126,346
156858,543
177802,260
134352,544
134352,545
176544,546
176544,352
145639,547
105,78
91080,268
104347,209
119591,15
152470,548
200954,359
22141,17
22141,140
175199,153
1159,177
12995,245
12495,447
12495,448
16992,549
37919,550
131014,144
177524,551
120523,552
120523,553
42452,554
42452,555
105037,74
105037,75
105037,76
16395,404
154386,556
102548,498
102548,344
102548,499
43022,557
137297,215
143405,371
230080,130
194880,558
187377,559
163154,268
163154,560
204836,456
182340,4
182340,402
96007,46
134253,561
217449,562
197405,310
197405,563
195560,69
195560,517
195560,518
112,564
112,565
75165,566
176165,567
171879,185
109125,139
144041,568
144041,569
9203,570
9203,571
21441,572
47055,321
150312,573
103,574
103,575
10,106
106,319
159109,576
159109,577
222509,578
29934,579
354,580
20542,346
10640,42
10640,90
66,249
43443,581
72991,51
72991,62
129051,21
195162,582
902,347
2338,249
15,115
15,116
15,117
15,118
33604,212
33604,583
160610,3
165872,584
39684,21
117985,249
681,585
878,108
878,319
61692,539
61692,192
181796,298
175324,586
1231,587
16986,588
138649,289
138649,29
156714,589
156714,290
3072,590
3072,184
3072,591
182694,104
184424,592
184424,593
184424,166
163413,128
163413,129
152,501
152,502
122294,100
122294,391
122294,392
122294,410
19999,331
123499,151
127024,594
216459,411
22038,595
22038,596
22038,182
22038,8
176229,597
13780,598
165986,301
135779,423
492,53
826,599
1540,600
1540,601
1540,602
125548,191
125548,192
215341,289
215341,603
215341,290
1897,249
179572,359
41916,604
58936,301
220,78
13884,10
142992,605
202670,106
9220,606
85256,295
196,136
160902,289
160902,29
7480,607
233247,95
234277,21
16496,15
63268,608
63268,609
63268,610
1115,82
101785,611
34194,384
94362,8
191876,612
166226,124
134453,16
134453,17
22484,78
24417,613
138431,395
138431,396
139030,182
232918,614
232918,615
423,616
83195,617
141423,414
30658,45
9446,78
55697,618
92319,177
26,200
26,619
106662,40
123607,557
145371,620
145371,621
167270,232
205716,95
38862,622
19237,140
6411,623
148943,324
143986,624
173090,495
131111,557
181810,625
202426,626
3284,2
3284,238
2842,436
40270,25
40270,29
216092,627
216092,579
481,599
21550,404
6205,628
6205,629
38343,182
38343,287
179460,46
180040,630
180040,429
394,496
5716,631
142852,632
180899,633
7805,40
12761,579
175223,467
88827,108
146221,1
26457,634
26457,635
26457,145
139771,636
139771,402
1915,637
1403,232
195314,638
195314,265
195314,256
57925,639
2081,506
112138,640
112138,641
112138,642
172381,128
172381,129
3800,162
244992,643
149155,456
103185,644
103185,43
82168,645
82168,646
82168,647
82168,648
113401,295
169794,649
22,440
115,199
71836,371
41933,650
73369,46
1499,651
1499,652
594,199
113873,653
24827,654
42487,78
2122,49
2122,655
2122,656
142079,657
142079,658
168,659
168,660
142961,661
142961,662
142961,288
142961,663
142961,289
142961,664
142961,290
204516,228
204516,665
204516,229
94104,666
172220,59
172220,667
242,278
242,668
242,669
242,670
242,671
242,672
147253,151
701,673
701,674
6351,675
6351,62
6351,676
205597,58
233312,201
195544,597
24773,52
19622,677
730,200
730,678
218333,449
218333,450
181524,679
181524,680
181524,681
254,651
254,652
131366,151
150145,682
150145,683
191300,150
37387,45
131325,295
103092,185
148951,208
90040,232
90040,416
159503,684
159503,685
38863,686
146418,196
146418,50
146418,42
21920,250
21920,161
21920,121
21920,251
21920,252
172385,51
172385,62
158900,16
198454,687
67254,688
67254,689
67254,690
67254,691
67254,692
67254,693
67254,694
67254,695
129459,696
37907,105
55829,539
55829,192
225694,697
152765,289
111417,698
5206,699
199,22
168998,289
168998,29
107255,177
192860,16
157096,700
167513,130
138233,392
122842,701
122842,702
31497,554
31497,555
144529,172
70,436
201,139
168609,151
624,703
87890,704
87890,46
193214,705
116,260
38765,459
3565,706
3565,707
3565,591
34887,543
178054,45
221318,708
216734,709
216734,710
163642,711
18745,712
29937,411
194626,713
194626,714
35435,86
35435,715
35435,87
143185,260
2393,82
164949,607
164949,716
3228,51
3228,62
104955,28
37358,160
37358,7
14254,284
39339,88
39339,90
3955,717
1829,2
1829,238
195571,102
195571,103
196202,577
125752,718
113636,186
113636,187
2987,719
2987,720
116954,78
204,78
1662,273
1662,721
1662,722
230085,132
91984,723
91984,724
224710,125
224710,126
224710,127
33451,725
33451,726
33451,727
1887,728
1887,420
1887,603
1887,729
1887,730
1887,290
1887,731
212402,732
36522,733
171726,734
171726,735
136280,128
136280,129
8129,232
73,139
38386,128
38386,129
226501,736
226501,737
226501,738
226501,739
226501,289
226501,457
226501,461
226501,462
226501,463
226501,464
226501,465
175307,202
155255,321
155255,740
223855,477
219215,93
56931,15
986,741
986,21
119,78
10093,539
10093,192
10093,257
166857,28
84,345
21954,45
216091,579
42124,245
237,742
23679,743
23679,744
165950,745
157,659
157,746
157,747
1568,237
620,351
1544,748
71906,749
149951,522
40209,382
38992,75
8098,750
8098,751
438,752
438,753
438,754
438,755
438,756
438,757
99975,295
2808,758
37141,267
15818,78
4396,331
619,496
92190,759
92190,760
92190,761
915,182
915,287
3931,287
36811,28
361,762
494,763
75476,764
157413,765
54361,149
54361,2
54361,211
54361,201
54361,59
54361,238
2397,82
2065,82
71074,526
28089,766
28089,767
111105,768
122240,246
198740,202
32125,40
43868,769
43868,295
13308,770
9910,570
9910,571
192074,331
166571,771
63759,612
63759,62
24742,772
24742,773
171011,58
128442,439
234671,38
234671,3
15511,436
21133,774
86246,775
86246,734
38545,776
232,564
232,565
24703,237
24703,2
24703,388
24703,238
2961,777
63543,439
63543,778
165948,431
180852,208
141736,120
169611,202
31105,150
85005,779
35503,78
118174,780
145189,295
212516,53
102435,781
41749,782
206051,783
206051,784
206051,785
206051,786
157026,392
230933,15
230933,209
442,787
126100,788
126100,789
126100,768
126100,361
25224,790
2251,791
12477,792
12477,793
12477,794
124172,549
124172,602
168681,795
168681,796
32666,797
17710,107
17710,539
17710,192
17710,45
65564,522
91620,798
168788,577
15953,570
15953,571
4636,599
22877,799
31552,570
31552,571
22348,800
22348,801
171662,321
89910,216
134157,305
28259,802
19526,249
205317,36
173101,47
173101,48
929,49
81640,803
46396,588
6779,804
6779,144
169416,258
169416,259
169416,260
169416,257
169416,805
169416,261
144239,153
195043,16
195043,573
179303,101
180771,90
67239,249
128721,806
128721,735
191894,807
191894,808
191894,809
191894,810
175293,79
27627,439
27627,811
175095,812
153064,813
153064,814
207243,815
61487,816
17223,42
2570,139
31759,817
31759,818
31759,819
31759,602
24310,725
24310,726
24310,820
24310,727
66588,212
16267,436
123096,821
123096,657
123096,658
194690,378
194690,822
8190,599
180592,105
114031,40
75358,823
120217,824
98,539
98,192
223750,825
223750,188
162388,191
162388,192
176083,45
903,617
172996,411
217085,826
217085,827
73316,828
73316,624
229265,829
34707,830
85036,298
39217,61
33154,831
33154,832
11971,617
5072,82
925,833
925,834
34297,835
41010,836
144826,837
144826,838
424,616
118536,123
15839,329
232219,291
232219,839
232219,344
187653,414
54137,840
31624,298
120,249
13551,790
340,501
340,502
42673,522
68182,570
68182,182
68182,106
68182,571
1107,232
144568,812
183006,841
183006,842
198487,260
177478,843
29223,564
143401,844
1442,440
113289,845
1198,846
38718,145
40769,384
32412,209
3353,119
85325,847
118695,848
1032,849
1032,850
119391,105
46255,160
46255,7
35761,564
128898,851
183231,51
183231,62
155969,208
5781,639
182189,49
12166,40
249,852
25277,273
25277,274
66510,725
66510,726
66510,853
190082,175
190082,176
195528,133
16772,824
66214,823
66214,315
12589,78
172737,321
8481,273
8481,274
58110,344
58110,499
118063,65
206803,624
146312,854
40760,851
40760,500
193737,581
133632,45
195856,29
148601,855
148601,856
1117,857
57660,267
9027,106
9027,400
71882,246
127997,78
157917,858
123219,859
23540,528
62220,61
29972,62
29972,860
174078,861
143404,371
208895,851
176558,537
176558,862
128667,717
112686,457
112686,863
9215,166
40393,78
49,21
71061,864
109291,570
109291,865
163370,144
146816,51
1234,866
1234,867
1234,868
198525,869
198525,870
158339,202
158339,871
36399,872
117,873
22143,345
22143,273
137330,874
137330,875
142121,523
472,864
472,876
43152,790
3720,877
163805,28
9341,878
9341,879
130,659
130,880
31483,881
181345,113
4741,882
4741,883
4741,695
166286,780
166286,884
123239,212
205046,431
205046,352
11057,634
11057,351
40237,885
149776,886
149776,160
195503,151
6901,82
398,78
124052,885
65515,606
21551,634
21551,351
104581,887
39927,45
144864,392
20134,888
20134,889
41863,539
41863,192
193308,333
136056,105
176371,138
98315,769
98315,295
174973,890
174973,891
29839,53
66171,105
15510,78
12005,209
88408,892
188866,893
205610,17
216201,49
30367,894
12750,895
18748,896
217780,453
204472,897
592,82
589,196
4192,898
4192,206
4192,184
4192,591
38531,613
172503,899
172503,900
172503,146
99,456
153507,40
27848,18
27848,19
27848,20
123609,557
76417,79
76417,80
72,347
65282,901
54307,202
94480,91
152242,93
631,62
205418,21
66849,836
158572,902
9441,78
154182,903
154182,904
76150,905
36648,347
19764,141
443,777
443,434
111732,208
77,345
77,273
140,906
140,907
140,908
157958,864
157958,909
157958,876
28,699
83734,910
83734,332
83734,911
34585,78
83667,45
15600,232
337,78
384,912
150293,913
92044,914
92044,915
92044,59
67928,557
22192,237
29073,519
14,639
197572,916
169318,378
169318,822
40529,115
40529,116
40529,117
40529,118
73070,235
73070,236
172931,917
172931,918
183571,919
192455,46
124965,211
124965,59
124965,920
124965,60
154509,235
154509,176
144415,51
144415,62
128,776
144553,295
38309,45
67185,17
36400,329
151247,65
32674,695
32674,921
228660,211
228660,458
3570,587
1155,106
1155,400
187680,429
511,922
511,923
19995,447
19995,448
227515,51
139899,924
139899,818
175621,100
175621,101
2596,925
4218,613
126996,926
67888,927
526,928
526,929
22897,289
22897,457
22897,930
22897,931
21632,58
466,599
466,434
1295,932
1295,933
122588,211
122588,59
122588,920
122588,60
162823,934
67180,51
67180,62
137031,935
218530,936
638,108
10997,17
10997,182
15290,654
128445,937
41627,938
223953,359
223953,85
102237,369
205507,52
205507,53
1563,200
1563,939
125,78
78733,940
715,941
715,942
715,943
715,944
1219,945
125046,946
144270,285
218509,151
65907,16
65907,287
137423,191
137423,192
132,947
206940,144
228504,948
66587,949
12692,950
17025,78
191597,567
189052,951
2569,232
81453,40
8095,4
691,139
244522,643
15318,78
180564,144
163474,952
40990,953
39206,954
128931,955
559,139
4394,249
145645,17
145645,140
153097,956
153097,957
2476,958
129731,959
151771,960
7858,961
7858,145
103686,17
103686,287
181293,962
181293,963
125921,249
181797,53
45748,144
36946,182
36946,964
205158,4
155695,78
192945,51
192945,62
37371,851
187273,965
216597,414
11229,966
11229,59
11229,409
11229,931
11229,465
203780,40
217,178
91523,384
2533,612
112092,967
21791,599
111148,21
156138,968
215841,128
215841,129
15954,969
3870,652
192802,970
192802,85
192802,971
118418,286
145203,52
145203,78
12350,972
2603,973
2603,974
2603,975
7,976
32484,101
158109,45
16991,977
16991,978
16991,979
20133,629
37196,238
235488,105
207207,980
17161,45
3972,249
142296,981
155463,513
531,78
173156,579
173156,295
163,982
163,748
2529,742
191972,185
38786,983
199383,984
191963,108
223215,414
156548,759
156548,760
156548,761
23107,196
59,985
320,986
215842,128
215842,129
108,141
156501,321
156501,987
158340,202
158340,871
17240,51
17240,62
32944,587
41429,363
6819,82
153318,988
191572,415
191572,416
35488,15
1042,182
140535,486
19427,954
798,989
798,990
1270,932
1270,991
1270,973
1270,992
1044,440
20,993
20,994
20,995
38713,267
3085,996
124827,997
124827,998
119781,999
19348,45
348,62
348,63
39188,1000
39188,1001
31479,588
162009,145
67877,1002
949,434
382,62
234477,1003
234477,196
22532,570
22532,571
154301,1004
154301,1005
163839,1006
38506,209
129050,45
27225,1007
27225,1008
233678,21
811,1009
90305,287
6887,82
286,742
286,1010
124969,211
124969,59
124969,920
124969,60
154906,356
154906,1011
180956,93
180956,234
119012,1012
168274,1013
634,113
103660,924
103660,818
28620,58
173200,457
173200,863
936,171
1491,1014
1491,1015
131835,890
131835,891
99392,1016
59753,78
8730,1017
217083,141
206931,128
206931,129
197831,689
197831,1018
197831,1019
197831,1020
145633,391
145633,392
206084,371
1423,327
40832,78
157789,442
25729,1021
25729,1022
96152,892
146910,1023
146910,1024
34969,588
932,62
127127,514
127127,1025
153737,45
18866,451
18866,452
222542,1026
193739,15
4491,196
55952,38
55952,39
37734,51
37734,62
256,1027
118705,617
244,200
244,1028
189660,577
223,62
133528,149
133528,70
211716,740
218293,1029
218293,1030
218293,1031
218293,1032
170587,1033
145588,851
75212,1034
149241,1035
5867,1036
5867,106
5867,400
19643,102
19643,1037
19643,863
19643,410
19643,103
19643,1038
19643,1025
19643,1039
19643,255
70519,1040
205494,538
23418,1041
23418,1042
28723,1043
46007,446
46007,447
46007,448
42939,246
1334,249
37120,500
140343,1044
93724,985
93724,303
1111,1045
148261,2
148261,1046
123570,1047
200853,613
162,880
143175,1048
168679,1049
205045,431
205045,352
3236,62
184459,1050
80771,150
1262,237
1262,2
1262,539
1262,192
140717,701
140717,702
10550,1051
172933,1052
770,78
40381,78
176530,924
176530,818
124968,211
124968,59
124968,920
124968,60
2288,1053
2288,184
15369,744
7865,106
7865,400
8195,1054
118000,384
154003,934
199966,235
199966,236
1484,1055
1484,1056
1484,1057
193621,82
23451,1058
32116,22
189,249
156496,732
156496,1059
25261,1060
25261,1061
16366,40
16366,347
1194,1062
1194,1063
805,2
805,1064
805,238
788,1065
788,278
788,989
788,279
788,1066
27463,469
172552,1067
172552,1068
632,400
21654,564
40425,612
139033,1069
139033,735
16216,599
16216,144
172547,1070
204574,633
508,1071
508,1072
192934,93
192934,1073
192934,1074
98527,1075
126008,211
126008,59
126008,920
126008,60
1589,1076
8490,1077
128554,708
143157,17
143157,140
75091,124
8170,1078
40770,384
296,1079
35505,1080
35505,1081
36888,45
223040,353
171890,208
36708,1082
36708,779
2612,1083
168054,1084
168054,1085
196526,1086
101,62
1621,108
3139,62
111,78
37400,78
4249,1087
132544,1088
178570,215
883,78
883,1089
169704,69
169704,999
23730,1090
230303,1091
27048,1092
3421,613
987,1093
217398,956
217398,69
217398,957
129351,369
18460,1022
102104,520
17393,634
103649,58
28829,522
62871,699
208773,516
174837,1094
174837,1095
98918,321
30241,384
5406,106
5406,400
8107,237
8107,1096
80006,1097
35572,78
195372,604
195372,1098
195372,1099
1037,589
19841,1100
95105,631
71655,188
193557,1101
193557,1102
160081,959
55253,599
27356,1098
23686,1103
109779,1104
6068,17
6068,182
122,78
140951,663
140951,289
140951,664
25951,372
25951,373
31291,1105
177354,1106
136000,1107
136000,1108
220792,657
130486,771
141090,1109
141090,649
4688,448
147537,1110
147537,1111
147537,1112
147537,1113
147537,1114
147537,1115
147537,1116
147537,1117
147537,1118
149809,352
35614,1119
16,232
23817,1120
143176,1121
34615,144
177939,289
177939,29
3202,382
520,539
520,192
139952,1122
164812,1123
6050,696
187700,513
153623,1124
11168,1125
2516,480
2516,1126
2516,1127
5622,351
96792,946
204184,491
692,273
692,531
130882,295
18985,100
18985,1128
18985,101
147,1129
3439,1130
3439,966
3439,1131
3439,1132
3439,664
3439,602
24762,78
19301,144
100679,769
90870,988
39336,40
191004,836
3967,590
43307,1133
132428,70
3041,1134
84465,1135
714,811
5620,1136
198190,1137
129736,617
167698,490
167698,1138
167698,238
38548,40
135281,564
8924,113
227460,145
227460,855
11945,1139
11945,1140
58,989
58,1141
58,880
9364,82
118610,347
11949,1142
6866,82
117960,128
117960,129
130877,1143
1770,1144
1770,1145
140125,1146
140125,818
140125,1147
18500,1148
18500,1149
23604,1150
112373,202
759,200
223049,328
8124,384
7866,106
7866,400
40398,82
40398,1151
433,1152
63091,1153
63091,590
63091,1154
63091,206
63091,184
63091,480
63091,1155
180199,493
85250,182
202977,1156
265,232
225818,1157
22398,106
22398,400
200454,1158
169464,216
169464,768
3267,58
198609,1159
198609,216
198609,780
200890,1160
1425,1161
1425,1162
97915,321
148203,1163
232988,15
232988,1164
36367,1165
36367,1166
119637,106
14808,18
14808,19
14808,20
14808,1167
166317,1168
1265,319
287,199
5205,699
2266,1169
3409,200
3409,1170
3409,872
40831,15
125311,17
177249,1171
169147,1172
203430,40
176565,1173
198830,208
201248,212
37301,1174
94389,371
38872,1175
199793,1176
22551,2
22551,1177
14083,677
58602,139
19854,1076
135243,301
108722,1178
189067,1029
189067,1030
189067,1031
189067,1032
39242,40
99875,208
17484,1179
20545,1180
215312,2
215312,1181
215312,466
17449,78
206504,312
827,178
299,1182
299,1183
299,1184
552,38
552,39
148290,17
3234,384
216094,715
216094,579
6613,1185
141791,631
35342,1186
35342,1187
35342,1188
140519,1189
140519,1190
8172,1191
147930,1192
35285,315
24037,207
37231,250
37231,121
4174,972
215613,1193
215613,1194
35350,522
171479,1195
24920,677
135649,297
3348,106
136955,1196
78954,1197
78954,1198
193560,1199
193560,1200
33107,17
33107,287
4209,675
175,434
169,78
93538,149
93538,1201
93538,201
93538,238
162559,456
185123,391
185123,392
37165,706
218920,232
19996,1202
19996,766
83040,1082
83040,779
142854,1203
218311,1204
218311,1205
119866,570
119866,571
224821,398
124380,862
182351,1206
198522,202
1116,1207
30539,1206
117942,384
181761,185
191301,1208
108044,65
161226,295
84772,613
173105,108
179182,1209
105593,1210
105593,1211
41569,1212
159692,781
10788,345
12681,1213
12681,1058
168433,114
76674,120
56885,537
56885,362
15033,51
15033,62
4616,1214
4616,1215
163640,356
2162,590
2162,184
2162,591
2162,481
231696,1216
96713,862
31722,1217
142402,725
142402,853
142402,1218
32165,612
44,639
2639,1219
2639,1220
2639,1221
103132,144
137776,702
131118,403
5942,319
5942,1222
122889,1223
206150,228
206150,229
154875,653
19679,882
19679,883
19679,695
3655,249
172155,392
3605,673
7806,251
215840,128
215840,129
33003,145
155708,208
56707,139
149853,256
114387,325
107190,557
17053,1224
163930,486
19948,15
420,1225
420,1226
420,192
21641,767
815,520
635,78
105624,451
105624,452
216403,1227
204431,93
204431,234
205867,21
1260,908
1260,1228
41490,522
68228,1229
68228,521
97357,429
127095,865
84469,40
24509,1078
174524,1230
4583,82
32441,1231
65673,292
65673,1232
65673,1233
1597,232
129320,1234
192638,1235
13883,325
188547,1236
150926,58
178944,1237
178944,1238
464,1239
20022,1240
20022,1241
24070,1242
1293,1243
1293,1051
34320,408
34320,384
178134,1244
79131,78
9,62
9,63
25794,914
25794,289
120605,46
422,1245
422,166
160958,513
5795,384
184522,1246
184522,1247
140863,1248
225244,106
139562,1249
2981,1250
79073,1251
102148,191
102148,192
101020,500
145976,363
138788,1252
153,62
34373,1253
23985,29
188314,1254
10819,1255
181260,1256
181260,1257
122891,543
170199,132
170199,133
152237,310
152237,894
152237,260
68820,382
1758,184
230305,122
230305,1258
20609,628
20609,629
200,249
142830,1259
25674,1260
25674,1261
156180,517
156180,518
205125,106
152899,191
152899,192
1017,40
29109,1191
29109,1262
32014,1263
206915,1033
230383,1264
4204,1242
197320,45
2238,1134
139245,1265
74390,1266
175360,1267
380,1268
329,1269
1444,634
1444,351
238638,1270
144734,29
144734,90
173761,456
155451,1019
155451,1020
85,1271
85,273
85,722
1645,273
1645,722
20806,457
56786,857
175878,40
160559,403
202288,78
167763,1272
242302,328
129122,363
155,178
149119,543
199904,351
444,62
4370,40
174614,1273
42743,1274
25234,249
39813,483
2795,1275
2795,699
9408,436
2582,82
155173,1276
216632,1277
216632,1278
216632,1279
216632,818
30356,851
63170,1280
63170,1281
136440,402
22278,331
3553,1282
66085,78
626,872
115293,511
21380,1283
137397,1284
257,310
180020,1285
180020,1286
180020,1287
28025,17
28025,287
210290,956
210290,957
147116,46
131891,289
68858,901
196496,522
21892,318
34127,106
227758,431
227758,352
233676,1288
175549,936
128063,153
130390,649
160968,242
160968,243
160968,244
31133,1289
31133,1290
214,1291
85769,1292
209324,1293
209324,1294
209324,1295
209324,773
209324,577
68247,12
173047,802
338,21
134520,522
53168,1296
40444,1297
25071,1298
25071,699
155689,402
155689,1299
177079,1048
437,945
156442,1300
156442,1301
171835,1302
1430,1303
156266,1304
52328,1111
52328,1116
52328,1118
31503,62
124847,1254
95234,950
25584,266
25584,267
197065,467
1561,82
31056,19
31056,20
29410,78
131904,1305
216428,1306
216428,1307
3128,106
10081,539
10081,192
10081,257
173634,725
173634,853
173634,1218
3263,961
3263,145
172546,226
172546,227
220517,1308
73863,871
6366,1309
6366,1096
139992,29
2381,82
10660,1310
200847,182
200847,29
173294,289
173294,29
4090,1311
154173,1312
154173,1313
6719,273
6719,531
6719,1314
40214,579
123160,1315
117914,232
117914,416
124668,372
124668,373
29687,1316
29687,629
216658,260
135654,734
135654,735
130792,128
130792,129
29773,78
193210,17
193210,140
84889,1317
84889,1318
84889,1319
30662,144
27739,1316
371,319
11265,872
160418,1185
38194,202
541,1320
541,1321
1585,1242
1585,1322
30,1323
30,1324
30,1325
60131,1326
87821,543
34599,45
2247,522
181960,1327
177197,1328
68076,332
68076,1329
68076,1330
220775,4
146408,239
146408,1331
146408,1266
29663,1076
133956,539
133956,192
190639,17
190639,1332
174155,1333
38749,249
205498,1257
205498,1334
154443,17
154443,140
8829,1335
12632,436
169274,191
169274,192
200934,1336
127493,706
127493,591
35035,1021
35035,1022
13293,1337
13293,1037
13293,513
13293,103
13293,1025
2652,82
135116,913
19363,1338
2689,1339
2689,1340
2689,1341
2689,1342
165662,17
30804,1343
205907,614
179071,208
3141,232
12346,1344
183572,289
183572,29
104994,1345
104994,1346
177965,1347
8817,29
1038,1348
187687,258
187687,259
187687,260
187687,1349
187687,257
187687,805
187687,261
7349,1311
173341,82
222407,1333
142271,1002
1372,1350
1372,1351
1372,522
37208,927
154634,1352
124839,293
124839,294
182082,144
9028,1353
161547,295
6795,237
20080,1354
27172,1355
75789,202
160964,772
160964,773
160964,27
267,62
267,860
17804,931
86955,699
42898,215
42898,1356
33643,78
141932,1357
18291,82
178591,1358
102898,157
19650,790
161546,295
69601,79
69601,80
64826,45
80642,451
80642,452
125050,164
197097,1343
96613,1359
96613,1360
96613,1361
22287,232
187353,289
187353,29
1213,1362
1213,1363
128664,295
216070,19
216070,175
216070,20
217861,573
152757,475
152757,476
130899,310
130899,257
2455,747
38032,790
176803,1364
98347,151
29308,78
29308,778
1338,45
192834,185
550,249
142325,423
118497,120
200456,1365
200456,392
3154,1366
3154,1367
1666,1368
1666,506
19,249
202755,523
148532,617
193322,1369
193322,1370
183284,613
101786,456
4212,1311
180901,1371
58601,346
226634,1372
7104,990
141,106
20079,1373
20079,1170
25420,215
3452,105
63632,1374
782,1062
782,1063
11096,764
6581,1242
6581,1375
1710,1376
1710,1377
1710,1378
3986,1379
3986,1134
2290,434
357,78
38657,1124
29285,1242
209325,495
209325,639
22198,78
113927,892
152053,1380
195867,1381
193728,1382
193728,268
5684,1383
84159,1384
84159,1385
293,617
1917,1386
1036,139
198287,262
203102,1387
203102,1388
203102,1389
203102,1390
203102,1391
18289,182
18289,719
18289,257
159504,1392
159504,1393
41003,78
3893,1394
204837,115
204837,35
204837,118
204837,1395
186721,1396
186721,1397
131449,1398
32989,674
32989,1399
32989,816
180198,120
178613,1400
227072,324
91189,1401
91189,1402
91189,1403
5419,599
5419,384
92120,1404
203411,128
203411,129
35669,1242
193840,821
193840,657
193840,658
4529,436
19184,1405
12234,1242
2998,119
150146,631
198138,1359
198138,1406
17394,1185
184491,1407
184491,1408
38797,1409
38797,1410
98242,1411
116858,17
116858,140
31790,1412
31954,744
179933,438
6539,357
6539,358
22457,539
22457,192
109969,93
156373,1413
125993,145
545,1191
545,1414
545,1415
545,1262
137155,612
137155,1416
146735,699
146735,255
9825,520
143096,1417
154259,1418
1459,1419
1459,1420
1459,1421
4286,29
4286,42
713,1362
32838,1422
140457,1423
180231,1164
179820,201
12140,1242
943,1424
159059,1425
57163,1426
71021,213
71021,214
17651,799
6281,139
670,1220
13532,1242
110524,422
112869,699
40531,115
40531,116
40531,117
40531,118
148291,1427
75547,138
171129,113
147431,1428
147431,946
15826,1429
2932,82
14080,1430
14080,1242
14080,1431
66837,895
29581,731
223278,93
4211,1311
32114,78
67600,382
5534,310
5534,196
214293,2
113293,1432
75448,901
7929,1433
7929,457
7929,931
10383,257
65534,821
65534,657
29259,539
29259,192
182770,289
182770,29
24843,4
756,1434
4206,1311
66081,215
66081,1356
21287,51
21287,62
176524,293
176524,294
170318,359
170318,1435
181617,745
181617,1436
2228,1437
2228,634
20295,1438
192547,1439
192547,1440
283,1441
69120,296
69120,297
25823,599
200058,366
200924,851
200924,500
29602,297
101865,1442
227456,1443
227456,1444
227456,1445
2389,1446
2389,1447
179245,1448
143075,1449
1800,1450
231999,40
1768,1451
1768,1452
1768,1453
192947,326
33665,168
33665,1454
3230,45
80979,209
80979,210
174744,384
214396,1455
65200,769
65200,295
156,62
156,1456
235,634
2633,82
2539,501
2539,502
24565,1457
92666,1458
35248,876
35248,588
207062,831
207062,313
207062,314
224316,82
6542,1459
6542,1460
6542,1022
159492,1461
50381,1462
50381,1463
50381,1464
50381,1465
50381,1466
50381,1467
50381,181
50381,1468
148205,1469
148205,1470
173319,202
173319,871
173319,573
153999,479
153999,1471
142267,1011
142267,459
21754,21
91534,249
119337,45
96704,54
61458,1472
4553,347
200171,457
170,1473
19947,501
19947,502
22237,219
22237,220
1830,1341
1830,747
1552,699
68,634
68,145
105187,1474
24878,1475
24878,1476
24878,1477
24878,1478
24878,1479
24878,1480
24878,1481
95,501
95,502
2748,1482
2748,1483
230408,82
186323,163
17970,914
17970,1484
17970,1485
17970,137
17970,931
180602,1486
180602,1487
180602,1488
180602,1489
189848,255
33468,1490
804,1491
15157,232
130605,878
130605,879
130605,1492
125924,212
18803,1493
148271,1494
148271,1495
91034,977
91034,978
91034,979
191055,1496
2604,1497
118402,225
171226,1498
26055,42
3837,1499
3837,1500
67181,475
67181,476
1323,1501
1323,1502
46158,267
149787,1503
149787,1504
149787,90
232520,790
162263,65
46807,420
4258,674
4258,1505
247,1506
247,106
4471,182
4471,384
1545,1507
1545,1508
13362,590
13362,1509
13362,184
13362,591
123576,47
123576,48
392,310
136594,1510
172971,1511
166158,403
859,699
12896,1512
40107,1135
2165,1513
2165,1514
97803,102
97803,1515
97803,1516
115233,1180
4985,706
4985,1517
4985,591
3548,1155
4095,699
8552,599
2535,182
2470,868
37728,1518
24,42
908,1291
1209,1519
186864,1520
21464,384
6707,107
172242,1521
172242,1522
172242,1523
3464,699
177147,207
177147,821
177147,657
177147,658
23,1524
23,1525
110,62
173441,1526
29256,321
1821,1311
1821,168
142084,1527
66424,1528
10174,1529
186701,1530
65225,1531
191538,599
137909,1532
6663,1533
237087,456
229414,1534
39328,1242
39328,1535
39328,1536
935,747
935,1537
31545,1191
7062,1538
7062,400
73538,520
7804,209
1431,758
37696,1539
171110,265
171110,1540
403,1541
5336,184
8147,1542
133285,148
188076,347
84464,533
27385,686
221769,1543
221769,321
221769,1544
233867,1545
14683,634
154428,1546
63706,62
208775,495
58099,139
1419,1547
159632,1548
143484,803
233571,217
183896,520
911,1549
911,1134
911,1550
34004,1366
34004,1367
6778,249
1493,166
32341,617
22245,78
30932,564
30932,928
24304,310
24304,257
4214,1311
145012,292
8166,249
25900,1551
21804,82
1679,1552
35935,1553
35935,1554
190400,372
190400,373
128698,624
20782,1555
14188,82
98085,520
213492,285
213492,286
205057,825
142555,513
192,860
31920,699
207016,405
207016,69
207016,406
207016,70
61484,1556
23953,82
3406,1557
210900,1558
184346,1559
174476,1560
364,199
39832,1561
3632,78
13301,1562
13301,766
75223,1563
4112,1564
4112,1565
8207,1566
1002,136
4047,506
147747,1567
129090,1123
164865,1568
164865,1569
164865,1570
185196,486
185196,1571
40603,1572
106999,384
431,139
8668,1573
8668,587
163976,1574
3475,1575
3475,1576
96026,1577
217776,1578
32382,613
19358,1579
42929,1533
47046,212
854,599
3661,673
3661,1072
3661,1580
229791,293
229791,294
179835,310
179835,196
36345,520
10947,1581
164698,40
1452,1582
153728,1583
21985,675
27680,1584
1212,1362
223779,1585
163841,80
5451,82
232361,5
22347,49
66120,384
195227,516
3243,537
163931,209
216199,260
33434,40
5576,1566
41302,1586
178892,102
178892,103
199493,1199
199493,1200
6263,106
6263,400
125943,1587
147623,40
3097,1588
3097,1589
114438,313
114438,314
192120,1590
137290,1591
177659,203
159469,1592
38318,93
172584,1593
172584,1594
172584,1595
172584,1596
172584,1597
2077,382
313,62
15889,82
176361,93
139326,1598
139326,1599
139326,1600
18746,799
25727,1601
25727,1460
25727,1022
2876,1602
2876,1603
2876,602
99312,880
147887,1604
233955,105
210274,479
210274,85
2250,1605
2250,1606
3413,1607
13005,62
229,106
816,1014
816,58
1717,1437
1717,382
23890,1608
28396,1609
203828,271
203828,393
88513,1610
88513,1611
154905,370
194923,1612
164506,265
192297,93
192297,40
181494,1613
172881,219
172881,220
3312,1220
42142,1614
160561,702
97273,700
122690,1411
7935,1615
7935,79
45134,1616
12004,249
42306,570
42306,571
225,1617
225,520
16497,384
146784,246
181329,1327
176262,517
176262,518
9675,45
27165,1618
41052,1326
700,237
831,562
231280,1558
200726,1619
234396,1620
13751,1078
34496,1337
34496,391
34496,392
34496,513
34496,1621
34496,1025
58798,178
58798,144
214484,1622
214484,1623
214484,1624
2363,1625
25114,1626
25114,1627
107704,548
26235,1628
5651,1220
568,82
231197,1629
20865,1630
215371,247
215371,248
111502,1411
72809,1631
163920,1632
143981,198
73664,1633
73664,1634
6541,1635
10156,758
144761,1636
101682,1637
101682,1638
3593,1639
3593,989
127312,43
40276,1640
173805,1641
173805,1642
173805,1643
173805,1644
755,327
108831,1645
6688,762
179719,255
4505,82
3828,1646
7479,90
36887,45
3577,634
8229,1079
23950,1647
181523,935
219708,285
219708,286
42490,16
42490,182
129820,1648
136192,1649
191177,1650
191177,1651
9617,1652
146725,1131
146725,1603
146725,1653
146725,602
62853,386
224133,1654
89415,1180
139131,293
139131,294
206206,90
215308,1655
215308,2
215308,466
72667,1656
3408,799
1206,199
789,199
18243,1657
18243,402
56933,78
122159,950
17851,1658
17851,1659
55601,4
134711,405
134711,292
64956,106
64956,400
1350,106
1350,400
69552,1660
29294,88
29294,1661
29294,8
29294,778
27969,677
27969,744
63740,352
209660,402
63167,387
142,1079
146130,535
3137,136
103339,1662
103339,1242
231665,40
155702,289
155702,29
173536,1663
194789,926
17104,1664
156840,771
55834,1665
66855,119
38984,17
42244,790
29805,362
42328,1666
42328,1667
194230,513
7571,712
2073,1311
155025,855
155025,856
150783,1668
227273,526
206490,740
92643,51
92643,62
4556,850
85204,706
8130,144
72420,1669
192673,1670
192673,858
29387,520
161530,1048
171630,196
6714,1499
6714,1500
21373,1076
41636,78
4173,1671
4173,730
46782,769
46782,1672
46782,295
91773,1251
2150,1170
1705,273
1705,721
1705,1673
1705,722
125048,608
23685,1674
218050,581
179448,374
179448,375
128733,1675
128733,905
154510,1676
31745,1260
31745,1261
180325,106
62225,634
12171,1677
28044,1678
38931,1679
132758,1680
55165,1681
146559,956
4854,1311
302,62
215463,1682
215463,1683
144325,1684
144325,699
11106,591
99358,1311
99358,168
99358,1454
99358,1685
3895,1602
161297,1336
28086,78
184700,1686
223770,423
3730,1687
65568,78
1447,1688
1447,1589
10814,1689
159868,1690
834,1691
65825,45
208480,425
20101,1692
20101,11
6927,522
165,1239
5825,384
4079,1693
2129,1694
2129,1695
3208,78
192927,1696
192927,1697
151151,999
144388,1698
120669,484
2,1655
169649,1699
159406,1700
57998,45
28218,157
226522,128
226522,129
4210,168
193670,937
135262,456
63539,1701
33495,267
12283,1702
6203,1242
912,273
142063,1703
142063,959
206156,1235
13855,634
8515,1060
8515,1704
8515,127
139508,156
139508,1705
104377,564
129556,82
180761,957
176334,633
177727,1706
177727,1707
4001,1708
4001,184
2555,612
55863,296
73313,1709
153425,249
655,182
655,287
228668,90
207572,145
11269,1710
7614,1441
13123,82
3463,699
13084,1711
168839,372
168839,373
870,45
213266,1352
213266,1558
213266,1712
5316,590
5316,184
5316,481
4550,1713
4550,1714
1143,595
9963,81
339,846
39019,1715
39019,1638
5445,1716
173275,513
173275,1717
173275,1718
198707,561
165876,631
145308,1719
203204,490
203204,1138
203204,491
203204,238
3125,522
3125,589
3125,921
18485,1083
13354,1275
13354,699
3855,1363
3855,602
114912,1720
114912,58
41239,21
89,1721
178044,1722
153422,1254
22420,1723
22420,1724
248,595
248,1725
43320,420
639,321
142889,1726
6930,799
25294,776
8521,1727
34227,675
34227,62
34227,676
178550,1728
63196,457
101013,606
3086,511
90041,43
24568,623
441,49
143994,265
7742,1475
7742,1729
103091,249
28805,706
28805,1730
192240,1455
7843,634
7843,351
10431,184
210232,1731
210232,1732
108344,1733
119632,1734
36482,570
36482,571
194286,505
8946,1735
8946,1736
686,1737
72644,1738
167298,1739
59429,1660
205885,62
205885,639
24947,1740
24947,1741
24947,1742
24947,1743
123228,954
39232,460
62972,674
62972,1744
62972,484
56796,1745
154910,1746
154910,1747
1376,384
142239,1748
142239,1749
142239,1750
14634,1617
706,1751
706,1752
23142,42
23142,1753
696,310
6955,78
145642,1754
173092,495
173092,639
142262,1315
142262,216
88126,267
76,1755
13709,119
6481,1756
6481,1757
182116,946
152510,513
66190,139
228411,271
228411,393
154880,1758
154880,1567
155496,1187
155496,1188
163056,946
176606,46
186995,1759
8920,199
123885,1043
19989,105
147707,451
147707,452
162107,431
162107,352
43264,16
200785,295
963,139
171261,454
171261,316
136558,62
114903,228
8993,1760
8993,1761
8993,673
9829,512
9829,45
4205,1311
4205,168
85000,1762
150484,1763
150484,1764
193953,1013
193668,1765
193668,853
193668,1218
175222,202
175222,871
211940,120
310,1766
310,1767
310,1768
310,1769
26447,1770
3518,107
189350,1771
168770,1772
168770,1234
126239,177
230342,578
27532,1773
27532,1774
27532,1775
38877,484
101929,1776
101929,1777
1498,1778
1498,1779
56758,613
66193,15
3318,108
6817,82
161527,249
215437,557
121041,631
182120,17
182120,134
178302,61
42111,305
114667,1088
172540,1780
172540,1781
172540,1782
368,78
163929,547
180543,191
180543,192
234621,12
234621,1783
10934,1784
10934,1785
10934,1786
136356,1787
160744,1788
129976,29
129976,42
194232,513
108161,1789
38735,51
38735,62
321,1790
321,1335
163937,456
244115,1365
244115,392
25491,139
138166,1791
138166,1792
36314,744
173096,271
173096,393
173096,48
157088,1793
157088,1794
157088,224
548,966
108018,82
148729,1795
300,78
129614,78
22359,1796
22359,1179
32002,1797
207753,472
29355,1798
4562,384
149361,1135
144566,1799
81250,40
17,310
189222,1800
189222,1801
189222,1802
6353,1142
200057,285
200057,1803
872,1354
145888,513
145888,632
86156,1804
86156,1805
124590,384
3061,634
3061,351
137095,45
4424,456
102610,487
1496,1806
29875,961
29875,1710
230889,1807
230889,1808
230889,1809
84869,384
31506,612
88594,1810
20078,1607
66126,319
66126,1811
1535,1812
1535,1813
131246,37
17027,1253
170604,1814
128921,554
128921,555
248158,255
1577,1815
1577,1816
63758,1817
63758,1818
69130,1350
69130,1819
132019,634
7118,990
3487,49
2375,1820
177875,273
244521,643
102,21
97875,1328
178210,520
144567,937
222,21
29903,1326
213370,1821
5740,791
20750,1493
2079,1822
2079,1823
621,1824
42444,1825
42444,606
161926,698
38821,249
17988,1098
123536,949
37461,1826
173018,1827
137651,1828
102144,1738
71973,1829
57073,1830
182704,1157
1576,742
181501,500
218804,17
218804,1831
30166,1298
30166,699
217894,216
217894,1832
140795,202
201455,402
65936,1242
65936,1833
65936,1535
30328,1695
35400,1834
24770,384
1690,310
1690,260
196305,523
146228,1835
4958,1242
259,200
259,1170
132497,1836
163641,543
4488,78
173115,1837
173115,1838
173115,1839
184824,1840
184824,1841
14035,766
7092,1842
109548,666
193867,1843
179350,1844
90009,232
90009,416
41474,1082
41474,779
224904,638
224904,265
224904,256
219832,1204
219832,1845
219832,403
100734,158
100734,159
97,539
97,192
127784,456
181176,1846
121073,564
28284,1847
68260,629
651,78
192343,473
177499,242
177499,243
177499,244
149896,1848
149896,1849
201186,1850
27658,706
194523,182
194523,29
1678,351
132326,19
132326,20
170901,736
170901,738
83325,1851
231664,40
2640,1852
2640,1853
2640,1854
2640,1855
2640,1856
2640,1857
2640,1858
11231,1859
11231,1860
1992,1181
110102,37
182,78
135877,310
193486,666
68603,1861
68603,1862
9735,78
17923,136
226254,649
28452,1863
16804,1379
16804,1864
1506,634
6209,42
6209,1753
163163,417
163163,418
539,1865
39932,634
39932,351
1379,1737
4921,1311
5767,106
5767,400
1445,1866
5833,634
5833,351
711,106
118385,215
118385,1356
150298,1698
107148,570
107148,571
37672,706
4050,758
4050,440
4050,106
33924,1185
231819,113
231819,114
169341,1587
1720,1867
1720,1868
13507,1869
123045,871
5369,1182
5369,1183
5369,1184
4401,106
4401,400
72478,946
145601,468
145601,469
10183,1870
748,1871
194723,1872
194723,1873
115288,1874
115288,1516
202,1875
202,1876
22497,927
27968,744
27968,1877
12194,699
137237,1878
7086,1607
130295,451
130295,452
436,1879
185709,1880
185709,1881
25574,1882
25574,1883
3608,742
132148,1884
129165,570
129165,571
13530,21
124622,812
23053,128
23053,129
22303,82
1413,327
6137,384
21947,634
21947,351
183578,1185
72132,216
194,1885
194,1886
166107,1698
23995,1887
23995,1888
9606,212
37198,2
32424,79
32424,80
5770,1586
104573,78
147021,1889
4753,78
950,1890
950,1891
66781,1892
67919,82
23919,1893
8273,599
94396,1242
148083,1894
126613,1895
126613,1896
126613,1730
147451,45
145219,1897
117854,1898
117854,1899
141653,191
141653,192
110331,1900
1448,106
74,1901
74,1902
4920,1311
279,310
3414,1242
3414,1903
2579,1760
2579,673
16000,166
207687,1904
5511,673
460,1865
4356,1905
159575,1906
193483,1907
13286,310
13286,257
111081,533
69851,905
17835,1908
17835,1170
197439,657
6738,1909
69278,1910
117663,1911
54735,209
130827,1912
158544,265
196306,523
172965,1913
10641,1710
5452,1242
2800,1914
104,178
158130,901
1894,634
1894,351
2154,522
4974,1752
35289,1915
35289,599
49276,673
145014,295
2968,580
2968,860
35369,520
8126,500
167355,578
57,1916
57,1917
25685,634
207208,1803
207208,1918
95613,352
7514,1919
7514,1920
149620,346
82,273
188164,1921
191982,3
85424,1922
67178,564
109764,1923
10496,402
19419,78
3218,1924
3218,440
3218,1220
3218,1925
34,1450
34,216
34,204
34,1926
92363,969
92363,1927
13089,136
145975,634
145975,351
2125,1928
66982,564
66982,928
99630,1929
59149,4
37296,108
8138,124
17997,136
126750,1930
126750,617
161943,486
88016,1069
88016,735
165477,1931
13071,183
139147,1932
146149,1911
197072,1933
166776,1934
126912,1935
165877,400
165877,1936
93971,1937
93971,1171
150016,1938
4475,40
88406,460
28739,175
145654,905
172062,950
83629,78
102181,423
96260,61
137154,1939
137154,1940
36325,522
3416,1242
3416,1941
181161,1942
4984,1134
161578,970
161578,85
161578,971
118023,78
165004,1943
165004,1944
130552,898
130552,206
130552,184
130552,591
164874,1945
229218,249
229218,1946
54643,106
54643,400
203270,916
534,1947
22161,345
34010,105
137900,711
132817,1948
3321,612
63027,736
63027,1949
34166,1950
16320,319
122913,108
122913,1951
322,232
10653,310
10653,1603
10653,257
103184,1043
21779,1952
72800,1681
264,1953
149097,1954
149097,123
21930,37
85652,1955
85652,1956
85652,1957
85652,1958
85652,1959
85652,1960
160409,1961
160409,1962
117838,520
182619,1963
146,78
191579,289
191579,29
34659,1964
7103,990
67453,1965
10501,1071
10501,1072
10501,1966
153497,313
153497,314
1942,40
225729,526
11081,599
10642,961
10642,1710
10206,1967
10206,1968
103651,1969
79067,1970
79067,802
41762,1677
24416,76
204605,202
204605,913
213953,400
213953,1936
9139,78
1421,1971
1421,1972
1421,1973
1421,990
1421,1974
1421,1975
1421,1976
1421,1977
1421,1363
191877,128
191877,129
191877,209
9021,51
9021,62
203740,1978
192185,219
181440,1979
162865,1980
165595,1981
147299,1654
3040,600
3040,1982
3040,1983
163172,1984
104627,1985
32901,82
41090,1986
151,1987
235512,844
3573,1134
59936,425
1927,699
175334,689
175334,471
10226,1242
10226,1988
178940,1989
21358,1990
163027,208
233961,208
1125,434
169275,191
169275,192
176146,1991
67601,382
195242,1759
195242,1992
195242,1125
175695,120
1799,1993
1799,589
125996,311
39383,522
130680,456
6923,817
6923,818
6923,600
6923,1994
6923,819
6923,1995
6923,1996
6923,602
6923,1983
90,238
155460,632
182074,292
160784,543
160784,698
3095,1519
3095,989
23981,78
195237,813
195237,814
161757,813
161757,814
1708,1997
210040,950
204728,191
204728,192
133405,1788
214996,1350
214996,1819
15999,166
121423,459
12355,1998
43578,16
11274,634
11274,351
28185,1292
126,1999
200834,160
200834,7
144574,1242
206754,2000
5297,1134
5297,938
173504,744
1982,106
172896,965
149910,1979
2580,1760
2580,673
161681,638
229427,456
937,166
3495,1433
3495,289
3495,260
144743,2001
127282,2002
127282,403
38430,2003
1152,2004
1681,1552
1315,78
130006,456
24396,2005
24396,2006
123185,539
123185,192
170225,446
170225,447
170225,448
204675,45
3992,2007
10989,1562
67917,2008
82955,2009
43,106
42560,1830
224894,749
93541,47
228133,149
228133,1629
228133,2010
218161,657
941,40
40761,1284
146579,2011
146579,2012
118776,1400
5357,2013
137238,1058
21414,2014
158534,2015
1669,506
188720,2016
188720,2017
27266,1602
146158,2018
146158,2019
13172,725
13172,726
13172,727
237251,2009
237251,2020
237251,2021
237251,2022
7290,2023
719,178
129156,2024
814,520
147716,959
16162,677
16162,2025
25775,2026
63975,453
170300,2027
38429,2028
212765,2029
2448,2030
54433,2031
54433,2032
180591,249
180591,1946
38553,38
38553,39
169215,2033
169215,2034
129974,591
71593,2035
71593,790
172969,191
172969,192
17857,1383
2638,119
3597,791
1339,211
1339,511
1339,2036
1339,2037
1339,2038
1339,2039
1339,2040
225163,51
225163,62
1582,1242
12830,407
12830,408
189192,2041
189192,2042
189192,2043
216974,78
75333,2044
19624,2045
182094,717
13456,902
25213,2046
30216,119
147614,2047
86177,634
236217,1033
1309,598
230089,790
155827,640
26983,2048
26983,2049
26983,2050
26983,2051
26983,2052
26983,2053
1549,82
129359,1684
129359,699
28907,2054
28907,2055
218208,106
147363,289
147363,29
5680,1311
33150,2056
33150,2057
204817,2058
204817,2059
171672,2060
160044,456
121764,2061
718,200
718,78
174402,439
174402,8
174402,42
5677,2062
6931,2063
12157,2064
12157,2065
12157,2066
3534,1136
122943,265
393,1769
27117,338
27117,17
27117,122
109451,2067
187104,245
3083,2068
3383,434
192401,686
31897,249
205477,1302
147999,12
8059,402
201509,2069
450,2070
668,2071
64220,253
3412,1607
33732,1636
2316,19
2316,20
180241,456
221230,926
173460,2072
1203,310
697,1239
2872,2073
2872,2074
2063,440
2063,880
153639,965
1674,742
1674,1269
884,45
3586,639
1536,310
147370,2075
1693,1028
344,78
164158,885
1796,2076
27101,1185
41658,2077
194196,527
89668,78
23010,2078
23010,2079
1883,634
1883,351
122890,778
2583,1083
102897,316
230059,198
172613,158
172613,159
13403,1242
13403,1988
13403,1399
127920,2080
8719,1134
8719,351
19765,2081
87907,718
162351,527
22485,356
27965,2082
27965,744
4453,1687
215471,1086
213149,2083
12282,119
5455,2084
250,301
181254,16
181254,140
4324,237
4324,2085
4324,1096
2371,199
208766,2086
218129,263
218129,264
230498,1204
230498,1205
147305,2087
173649,2088
43691,2089
173486,2034
12897,1512
158837,2090
158837,2091
194553,1049
193651,37
229632,2092
11159,1566
1197,639
188178,2093
23779,310
41833,2094
41833,2095
41833,2096
192351,2097
242722,168
270,876
270,2098
16373,894
191986,2099
34639,2100
316,2101
124545,771
21022,537
189869,265
229741,2102
185374,2103
379,659
30641,453
15261,612
159143,885
133437,581
1783,1519
181290,2104
181290,2105
10527,2106
161108,2107
161108,2108
54507,451
54507,452
330,206
1275,2109
1275,2110
215616,1365
215616,392
3613,1727
164237,139
26148,2111
459,763
202732,2112
198110,2113
562,2114
562,2115
112598,2116
112598,65
145186,1043
150013,484
923,2117
171492,1327
56995,905
4,2118
2667,49
1631,2119
3279,1740
3279,335
3279,2120
3279,2121
10662,1187
10662,1188
103368,2122
103368,2123
766,2124
766,1655
766,2125
207338,109
207338,2126
134150,456
25008,124
127561,1251
31697,2127
210663,109
213549,2128
213549,146
157912,2129
157912,2130
61028,611
2259,2131
204493,397
5243,1693
5243,444
4637,2132
38986,2133
187679,916
20195,2134
98443,2135
13266,634
110870,312
11182,2136
195709,374
195709,375
48,2137
18723,2138
18723,2139
18723,2140
18723,2141
18723,361
71668,1319
184866,2142
426,1377
426,1769
15045,2
15045,1177
110286,1266
175088,675
175088,62
175088,676
100169,2143
1823,166
13511,2144
69234,983
25738,1045
141067,2145
166202,831
166202,2146
143882,2147
160567,456
90474,384
36597,1017
98762,45
177490,613
58624,2148
58624,2149
1668,674
1668,2150
1668,522
145493,2151
4493,1532
128412,21
308,106
154600,17
154600,140
194100,285
194100,286
94373,2152
32990,674
32990,1399
32990,816
5985,82
20646,79
20646,80
864,1602
864,602
3119,51
3119,62
186279,82
175961,2153
150761,1350
150761,1819
144492,554
144492,555
2447,2154
168215,606
8935,2155
8935,537
129293,65
155042,446
155042,447
155042,448
3864,1602
3864,2156
3864,2157
196712,972
181811,195
181122,2158
174518,2159
22677,119
515,2160
5711,113
3563,591
3093,610
16443,1566
166988,468
166988,469
104640,219
104640,220
34747,674
34747,1351
34747,938
178007,2161
133534,578
133534,2162
176980,2163
11161,1566
135215,2164
135215,2165
5869,45
171964,2166
9342,985
236461,495
236461,639
92852,212
217362,271
217362,393
191438,411
847,2167
82402,40
27766,249
123844,1398
158991,2168
199242,2169
199242,2170
18932,566
69136,2026
201308,49
217949,209
16805,1379
16805,1864
144526,612
151275,2171
151275,2172
175495,2173
132620,2174
132620,2175
132620,2176
207330,232
27298,528
158168,513
163377,120
34169,214
26946,21
176435,2177
176435,1897
46323,2178
46323,2179
46323,2180
3710,1292
30958,2181
85108,2182
162041,2183
30024,708
85105,4
31621,331
623,2184
623,742
66613,105
65313,1187
65313,1188
65334,557
226255,1254
4008,2185
4008,2186
5222,2187
159581,423
159581,2188
38873,965
2076,351
216864,771
52568,624
145103,1192
29678,699
3003,2189
193693,496
2168,2190
15474,2191
15474,46
188188,324
165556,78
153709,2192
5478,564
111173,1284
90190,292
90190,1260
32129,550
143782,1702
4388,78
124390,2193
14860,1186
14860,1187
14860,1188
131568,2194
131568,2195
366,62
160903,2054
160903,2055
216234,2196
210271,1019
210271,1020
34871,2197
34871,2198
171339,2129
171339,2130
1644,2199
35423,2200
152847,951
170669,2201
159141,397
8192,2202
40,115
40,116
40,118
6508,878
6508,879
203719,2203
2114,2204
205185,1088
4106,876
4106,588
234190,2205
57141,1119
6202,634
221248,374
221248,375
40234,51
40234,62
41934,1022
169475,2206
166372,2207
5217,777
124047,1954
124047,2208
177702,182
177702,219
177702,220
178896,1242
126000,847
14403,590
14403,591
36986,2209
36986,1022
40432,82
99437,1912
12898,2210
12898,2211
12898,1512
99459,861
190333,2212
125315,153
230791,296
5306,2213
33759,2214
5071,82
980,21
55763,175
87,273
87,531
135796,1350
135796,1819
19187,1566
144525,245
99130,812
40935,686
3044,1220
3044,1710
5791,512
5791,196
5791,42
8017,894
1233,2215
88253,816
160432,913
34334,938
233976,2216
217321,1573
129945,1640
5233,351
142085,446
142085,447
142085,448
458,2217
2281,2218
39088,2219
142557,1180
9615,2220
8096,613
176817,456
157323,1292
103877,612
139443,2221
172225,1521
172225,1522
172225,1523
138963,788
62922,1242
107635,2222
176596,634
176596,351
29379,2152
25605,1097
185021,1097
38026,2
145,199
1520,199
66437,359
160419,456
53624,938
56320,2223
56128,46
42997,2224
55705,78
820,2225
126242,513
216578,879
216578,1492
216578,2226
199780,1293
199780,2227
5614,1727
2611,2228
2611,2229
200551,2230
39941,2231
39941,2232
204599,762
27817,2233
27817,1001
23348,113
23348,2234
171356,2235
171356,2236
171356,2237
13347,2238
13347,2239
199047,2240
199047,2241
1412,78
2224,817
2224,818
2224,819
2224,602
189294,1297
26459,2242
103670,590
103670,1117
164354,2243
159910,2244
152567,639
29140,443
67593,209
8325,634
177697,372
177697,373
38275,654
126021,2245
637,2246
637,2247
566,108
566,106
499,2248
499,2249
63,2250
2891,1076
168537,2251
40816,2097
136587,2252
5635,1379
17162,2253
9804,273
9804,531
181265,2254
6191,434
163399,774
31808,2255
31808,2256
33767,2257
311,58
13337,82
145393,937
35964,1266
172560,2258
172560,2259
38778,301
121657,914
121657,915
747,1529
951,2260
4769,1379
4769,1864
2379,1419
2379,1420
40235,946
129382,803
20077,872
20077,1376
125658,471
18794,993
18794,994
18794,995
37906,1955
37906,2261
37906,1958
37906,1959
37906,1960
37906,2262
58329,1626
58329,1627
25695,2263
151835,495
151835,639
130911,215
4255,1311
169697,2264
167828,58
156175,2265
146818,292
36739,78
2678,382
2678,2266
157322,2267
157322,2268
171278,1001
2960,310
5255,590
5255,591
5255,481
118410,2269
42651,611
170537,2270
67199,1870
172507,78
5699,1242
234521,2271
34701,78
43526,2272
43526,1607
1702,2273
1702,2274
169530,2275
169530,2276
21709,58
1803,2277
4610,2204
117995,608
75828,905
11104,62
19727,2278
42731,2279
42731,1460
42731,1022
178147,2280
233956,144
30483,451
30483,452
89342,1088
895,2281
163175,2282
163175,2283
154892,520
6117,1266
172662,2284
38391,617
148231,475
148231,122
185380,191
185380,192
144988,2164
144988,2165
720,58
185378,191
185378,192
22465,489
12055,455
12055,2285
3190,2286
231666,40
234828,2287
234828,2288
172073,1889
209664,2289
350,580
210052,2275
210052,2276
15209,2134
17526,289
17526,931
1313,1383
4086,1870
2542,105
153991,2290
153991,2072
12134,1242
12134,1988
16933,699
31449,195
230315,2291
17465,1186
17465,1187
17465,1188
17465,2292
37589,2
37589,2293
6657,136
168700,625
2759,2294
121409,498
121409,343
121409,344
121409,499
124490,599
2324,2295
2324,2296
4368,1242
108637,2297
108637,2298
38980,2299
4102,2300
26156,841
26156,842
174260,1312
180193,2301
180193,2302
8069,238
30324,140
853,45
108665,2303
10623,634
27940,18
35634,78
35476,2304
35476,1710
223931,456
11705,522
39939,2305
39939,2306
139572,2307
153905,2308
1583,961
1583,1710
165404,451
165404,452
67148,93
192334,292
192334,1232
192334,1233
118703,417
118703,418
41612,938
223602,151
66076,384
218580,686
92644,326
4522,1532
218933,456
56294,750
56294,751
30878,124
40243,2309
4014,2310
11886,273
11886,2311
11886,2312
5686,2313
5686,289
5686,1394
223619,456
4884,145
12899,2210
12899,2211
12899,1512
222821,613
11865,82
38387,78
121958,2314
6431,1822
7251,1727
150485,2315
219232,2316
153238,305
10789,82
63395,612
160908,2317
160908,2318
147568,456
110868,513
148531,376
12488,2319
12488,2320
12488,973
12488,974
12488,2321
12488,2322
217475,495
217475,639
37257,1955
37257,2323
142558,1180
11437,2210
11437,1512
39332,2324
118293,384
91666,2325
131581,2326
131581,2327
669,2328
669,2329
184919,49
174192,477
41875,580
41875,860
71272,2330
71272,2331
141419,625
145475,19
145475,20
4667,273
129204,2332
170146,2333
197178,885
6226,278
6226,2334
6226,383
147624,369
197333,2335
197333,959
161965,859
26458,634
26458,351
26458,2336
26458,2337
33077,1142
35438,176
121993,52
158970,2338
138104,689
12188,2339
218995,453
76883,1079
214988,107
214988,120
214988,45
3177,184
192735,157
192735,12
5251,908
6607,699
227893,384
8066,2340
139897,625
165748,1317
165748,1318
165748,1319
17991,2341
64,296
165967,2342
165967,2343
183959,2344
159209,232
112192,2345
174893,2346
206805,2347
181325,1573
8316,1727
75782,1504
43365,823
22479,2348
8222,2349
203759,218
203759,89
188390,1726
18931,2350
18931,2351
95386,968
145205,2352
145205,2353
39635,425
35293,249
85800,2354
185381,191
185381,192
12318,613
4226,1170
195296,1906
220155,1352
220155,2355
2396,38
2396,39
158973,1388
158973,1390
158973,1391
214296,2356
178209,520
102690,2357
176,310
213661,2358
213661,2359
152241,93
1472,846
197455,2360
197455,286
280,78
224125,1046
224125,1088
205308,2361
205308,2362
128204,2363
108377,5
174802,2364
174802,2365
174802,2366
1072,2367
1509,82
191387,2368
191543,1645
199182,108
67693,487
7138,2369
3339,310
3339,2370
170202,517
170202,518
169141,2371
169141,2372
138614,2373
2252,1141
2252,880
226518,128
226518,129
83197,78
181404,2374
1149,2375
65272,140
65272,2376
10523,2377
62814,443
574,2378
96,539
96,192
24511,249
160012,2379
43249,53
99078,2380
212580,191
212580,192
87200,2381
2072,506
237031,2382
89695,2208
155495,2383
133747,1101
133747,1102
38471,2127
164159,885
65990,639
171544,599
131332,2384
131332,2385
142924,613
2536,599
2536,182
7453,1242
7453,1322
174182,456
4643,766
352,1866
8798,2386
46422,772
46422,773
66125,16
66125,140
158392,1696
158392,1697
33785,1379
274,1953
23827,136
226588,2387
226588,1180
5281,2388
277,78
137872,2389
137872,2390
137872,2391
40491,51
40491,62
228766,1585
228766,2392
228766,2393
88871,2394
88871,1710
149869,523
3711,2395
203655,295
3595,2396
76247,2397
217099,2398
2254,2399
2254,2400
183797,295
128218,2401
128218,2402
128938,150
38805,872
2464,1519
12567,2285
29411,2403
156786,2404
192656,2405
79282,2406
29017,113
103061,2407
173804,2408
2860,2409
21436,1383
473,225
175254,257
175254,258
175254,259
175254,260
175254,1349
175254,805
175254,2410
175254,261
42396,911
661,106
182218,115
182218,2411
182218,192
182218,116
182218,118
1463,310
1463,2412
4275,506
18946,520
11122,2413
15167,78
8495,1182
8495,1184
206859,2414
193238,1242
193238,1535
142503,234
4244,278
4244,2415
4244,2062
230304,2416
165563,2417
159355,2418
104805,533
114684,2419
20889,1379
20889,2420
118337,2421
1533,2422
7176,1379
7176,1864
4485,136
4485,2423
68188,1040
4346,2424
4346,2425
4346,2426
26138,245
8887,383
38364,1945
154895,2427
142556,1180
312,40
129010,2428
23928,634
2422,2131
2422,2260
909,2429
210,564
4454,1687
18747,634
10682,17
172994,249
1202,2004
156096,845
33155,2430
3836,2431
3836,589
33172,446
33172,447
33172,448
220774,4
220774,2432
135508,1319
140612,78
191998,439
191998,202
191998,871
1525,273
156007,2433
156007,2434
3110,419
158100,1911
145501,1942
3226,1778
8284,673
147104,2435
76207,1861
76207,1862
14258,2436
40550,2437
40550,2321
23917,1142
490,2438
206939,617
828,2439
828,2440
182260,1235
18400,1890
27306,144
29456,695
1098,2441
22864,2442
440,1079
91671,2443
112381,108
94731,2444
94731,2096
94731,2445
154479,65
144728,513
144728,863
205831,2258
3852,932
3852,2321
3852,2446
3852,2447
3852,992
4200,1242
4200,1322
135,384
150294,2448
128137,2449
20266,2450
154125,215
154125,1356
5393,78
172362,2451
86415,2028
11582,82
2919,880
64897,357
64897,358
224272,2452
224272,2453
14039,2454
174093,2455
74102,209
193485,581
427,2456
29383,1242
29383,2457
29383,2458
159446,500
1358,2459
1358,2460
197269,633
1070,2461
99219,2462
99219,2463
15410,106
15410,400
6861,634
507,1866
841,232
168232,2464
168232,2465
31853,1239
289,896
67,2466
476,2467
20228,2468
147206,2469
147206,2470
235465,105
151251,2471
91010,2472
1380,2473
840,2474
840,2475
235627,1284
163097,1242
163097,2476
158742,459
7844,2477
7844,1311
5394,2478
5394,2305
131241,2479
36297,2148
66665,2480
1835,1045
1835,2481
178153,2482
178153,1418
171037,113
12131,2483
8957,819
8957,602
7719,90
36424,1133
16362,1573
5772,2484
163354,459
188991,2485
188991,2486
206471,2487
206471,2488
144632,2489
135888,2316
87120,378
106753,2490
106753,1965
78,345
25314,199
869,182
128011,2491
24410,2357
164840,456
66798,78
122691,2492
22948,699
2853,2493
2853,2494
2853,2495
162591,578
164031,699
9386,520
6642,2496
181867,1969
181867,639
137,2497
137,2217
137,2498
147240,249
41100,1316
4839,1134
158564,2499
113,580
144479,2500
6767,2501
6767,2502
6767,2503
18057,136
114991,2504
114991,2505
114991,320
14007,634
14007,351
99808,2506
99808,2507
200247,1984
35477,634
35477,1988
359,78
12248,2508
12248,2509
17536,2305
1145,2510
1145,2511
2944,1911
33911,606
8812,1242
8812,1988
202942,1242
793,2512
793,2513
12764,2514
36,1076
42448,398
154804,513
154939,1189
3692,742
158982,1071
158982,1072
2268,959
232079,1216
147194,456
146035,174
2211,2515
137744,2240
137744,2241
67361,2516
67361,2517
199076,689
199076,2518
199076,694
199076,695
18115,2519
18115,1870
200280,1531
147768,82
13230,1169
147171,2520
147171,2521
4928,2293
166109,2522
205079,2523
137406,104
6752,107
6495,2524
199881,1293
199881,2525
102681,1254
988,1573
988,587
72285,305
99097,513
5941,2526
5941,2527
40941,606
84834,1431
2794,400
2610,384
192830,885
94483,483
57759,411
1302,2528
1302,2529
17922,136
867,613
2938,2530
7215,2531
199357,2532
13597,82
23935,2533
7263,82
2520,817
2520,818
2520,2534
2520,819
2520,602
2520,2535
11733,82
192906,946
102835,182
1713,2536
1713,2537
209530,2280
376,209
4642,1778
2574,2538
180179,1328
154902,381
11432,2539
11432,2540
164027,1409
164027,1410
1695,2541
234469,2542
218126,2543
145722,2544
17533,2545
17533,2546
40258,1727
131121,2547
7824,456
5504,2548
5504,742
166418,2549
166418,1248
112991,699
31542,2550
31542,1184
31542,2551
2613,2552
242667,689
31575,2553
31575,2554
233974,2555
158237,119
2665,1134
166569,208
1371,742
193213,2556
191925,2557
103235,411
231991,242
231991,1759
231991,243
231991,244
58886,2558
170223,2559
162114,2560
152851,339
155636,471
10908,78
171136,113
230852,2561
113567,2562
225885,2563
2471,2564
2471,2565
158812,1587
5476,634
5171,2566
710,880
8939,136
4288,1292
12141,1242
12141,1988
10679,1988
10679,2567
220203,1705
156976,459
234877,836
6627,1720
76436,2568
35599,172
35599,46
239840,17
239840,292
222887,2569
222887,2570
222887,750
4613,80
82272,79
79068,2571
14054,1608
193212,3
93819,603
37739,836
37184,457
37184,2572
146922,2573
136245,113
136245,2574
82424,1354
8711,2575
209166,232
209166,416
218310,625
2090,1242
2090,1877
4085,2576
143680,892
121615,2383
104575,13
104575,14
55679,2577
55679,2578
55679,2579
13728,522
536,2580
224031,599
181328,1327
148767,2581
127981,2582
131232,2583
131232,2584
11436,2585
213670,255
186767,2029
15235,1208
15235,591
152846,2586
10559,519
17030,136
120447,310
120447,2587
1965,880
140997,965
160853,310
226213,2588
145599,456
41033,119
232473,2589
187289,2590
182352,2591
1519,2592
174926,469
7218,1383
9962,699
159515,1315
162315,2593
199309,2594
199309,2595
173759,2563
34098,2596
13016,673
190232,351
128425,456
156482,2597
156482,2598
210101,2599
216640,2600
8003,184
8003,2601
8003,2602
8003,591
4831,82
128537,292
128537,1232
128537,1233
12071,2145
62030,1932
751,1152
175989,460
119464,533
119464,2603
166280,1306
29198,457
206844,2604
183447,2605
10964,1242
10964,1941
144382,543
155802,1260
155802,1261
46362,725
46362,726
125493,2606
125493,2607
234248,78
4228,119
204801,894
204801,836
3242,78
192508,517
192508,518
158886,812
2780,82
27490,475
27490,476
176963,2608
176963,2471
170041,2609
170041,2610
17863,2611
38904,1561
127188,613
23263,2
7634,1760
7634,673
184704,367
184704,368
37441,851
40483,2612
40483,2613
131261,456
218421,218
218421,89
608,1608
238546,128
238546,129
174298,1870
18975,2614
18975,2615
170909,679
237182,740
1566,115
1566,116
138338,1133
193265,12
229598,2616
119804,747
66080,2617
1633,2618
1633,939
201920,17
201920,140
230591,2619
66608,2620
129380,1192
61269,196
103814,2621
138317,29
98122,128
98122,129
2298,961
2298,1710
134,331
94365,2622
194081,456
176564,956
176564,957
1782,2623
141735,120
179259,2624
145424,2187
1899,2625
226519,128
226519,129
17654,2626
166859,2256
144150,2627
199908,924
199908,818
239464,2628
34829,78
164655,2434
3341,2629
21704,40
1449,2630
162152,58
73650,500
138105,689
153480,934
22604,1482
22604,1483
94331,460
4318,38
4318,2631
4318,2632
4318,39
129946,2633
67285,965
129091,1123
1814,49
248949,1934
93287,2634
229370,2635
229370,2636
28037,1097
404,434
169366,2332
129710,771
165346,2637
31554,2638
223950,1571
223950,2639
7755,1170
147883,202
147883,871
147883,573
30057,1720
5698,1870
5034,2640
5034,2641
5034,1441
134524,2642
207951,2643
1253,21
4532,2644
151456,456
2353,2645
111069,2646
99479,624
39345,2647
39345,2648
1831,1340
1831,1341
1831,2649
131183,570
131183,571
6253,1311
6253,1134
6253,1550
123129,398
2838,2650
207568,1242
1329,1239
18606,2651
18606,2503
145928,285
145928,1803
41837,2652
41837,2653
71886,624
150014,2654
150014,2655
36480,2656
189062,2221
36596,1017
156719,2657
108783,16
108783,17
40370,599
27802,249
137500,2658
137500,2236
736,2474
736,2475
3679,1291
129615,1327
172207,310
172207,257
198611,2659
198611,2660
140524,2661
140524,2662
140524,2663
65814,2192
119899,265
99655,2664
5829,1760
217423,265
180921,2451
214491,16
140638,513
10707,699
191790,938
602,2665
602,2666
184371,376
25182,442
21469,2667
15274,2668
4980,2669
86167,1631
133835,2670
12533,2671
5687,289
5687,1394
164205,2672
181120,2673
183150,517
183150,518
32149,2674
6251,2675
6251,2007
127839,2676
56880,232
146880,2677
7338,777
224517,386
224517,387
224517,45
140279,2194
140279,2195
10164,2678
8232,2679
62214,2680
158356,2681
206448,1328
11202,119
3411,1242
3411,1941
209289,2682
109,284
213648,351
7483,78
176589,2315
67309,2333
26118,2683
26118,2684
21854,105
21854,2685
93194,1567
137480,767
77011,2686
5042,351
1711,1220
9149,1573
129348,2687
129348,629
46669,1952
10904,2688
7576,400
170825,425
42105,2689
42105,2690
2301,966
2301,2038
2301,2040
161761,2691
153004,52
4201,1242
4201,2458
8630,2692
8630,184
301,1409
301,1410
18824,2693
18824,2694
70532,2152
146207,2695
146207,2696
60029,2697
213882,3
23757,2698
23757,2699
94733,2444
94733,2096
94733,2445
192274,138
2123,2700
194298,2701
194298,2702
2904,1864
40759,209
107861,702
224483,191
224483,192
799,2703
799,2704
60815,184
60815,591
60815,2705
91817,2706
234711,2707
189056,2708
75441,2709
20761,841
20761,842
207919,2710
9132,2711
549,2712
549,2713
8553,1400
70916,16
63743,1150
195484,2714
227888,456
32171,2715
144223,2716
97939,2717
202207,1156
9354,639
1471,200
1471,994
18781,522
197101,2718
231581,45
108157,2719
1901,1076
2368,1501
2368,2441
16177,2720
229453,624
15827,2721
22472,2722
38858,1326
142401,1227
29952,2723
226322,4
170415,713
170415,714
97094,712
25537,113
97683,2076
6928,1710
234691,2102
4113,2724
57803,460
191071,2725
39045,296
11967,1870
206266,2726
206266,2727
105023,522
105199,2728
22378,119
2543,2729
4657,2730
91739,2233
91739,1001
165522,1180
28705,1658
28705,1659
10681,1901
10681,1902
179661,2731
170437,2732
186302,617
55833,617
6554,17
68199,2733
7976,790
1475,2734
4862,1045
6551,817
6551,818
6551,1132
6551,2735
6551,2157
6551,602
37383,1379
37383,2736
145086,2737
31821,2738
223518,950
182626,90
231554,1257
231554,2739
150996,2164
150996,2165
174611,1156
134626,599
177857,858
76203,202
76203,871
184372,376
90568,2740
160436,120
160436,202
160436,871
142197,2741
142197,362
214204,2543
53103,53
206169,2742
206169,1571
179217,253
206175,2743
206175,2744
27574,2745
144789,2746
190247,2747
190247,2748
5410,2749
5410,2300
165959,606
191038,1354
28302,82
212551,495
27938,2750
136890,2751
39210,533
39210,2752
8790,2753
8790,2754
8790,2755
8790,2756
8790,2757
9202,62
9202,860
59335,2758
2742,742
1591,2125
1014,548
1014,565
37738,62
37738,2759
122599,2760
122599,1044
9346,2097
223740,36
29638,1573
191989,1350
191989,1819
68250,673
12875,2056
12875,2057
3365,73
1157,310
203405,209
205078,19
205078,20
7662,383
1257,310
1257,2761
180937,585
99132,2709
4289,1292
201054,2762
201054,2763
263,612
8139,2764
8139,1772
8320,2576
4292,2765
161620,2605
220778,2766
220778,951
193551,2767
146943,1381
150364,2627
83068,1266
17395,1770
25409,232
29026,2768
29026,699
29026,2769
4991,1901
4991,1902
16035,2056
16035,2057
145609,2733
3133,310
52,591
52,1127
24933,82
108430,2680
156457,2770
66116,105
35801,1374
7239,634
2844,58
9556,82
243696,903
243696,2771
51195,2345
8976,2772
8976,2773
8976,2154
37362,78
151310,78
194392,2332
5991,2774
195981,2775
195981,2776
113931,2777
2091,2778
2091,2779
2091,2780
158915,885
153113,2781
212370,666
1489,310
1489,2587
2179,2782
200359,1013
148975,2783
5965,2415
229543,2784
35865,113
81850,2785
207898,2786
55911,144
204286,1763
204286,2787
180816,456
6569,878
6569,879
42713,2533
42713,2788
42713,341
42713,602
836,2076
836,45
2997,1161
128174,2789
